Name,Framework,Experiment,Parameters,Min,Max,Mean,Std,Median
bench_tensorflow.py,tensorflow,1x320GRU,431055,0.58101415634155273,0.75330495834350586,0.59290325164794921,0.023982427271145568,0.58848309516906738
bench_pytorch.py,pytorch,1x320GRU,432015,0.11624503135681152,0.56229281425476074,0.12911323547363282,0.061902934713101612,0.11987602710723877
bench_lasagne.py,lasagne,1x320GRU,431375,0.32113790512084961,0.98441696166992188,0.33606289863586425,0.092625193534268402,0.32296395301818848
bench_tensorflow.py,tensorflow,4x320LSTM,8526735,5.0406589508056641,5.3391501903533936,5.079954361915588,0.041230738138142202,5.0769460201263428
bench_pytorch.py,pytorch,4x320LSTM,8536975,1.0335538387298584,1.5090811252593994,1.0638560819625855,0.064537636161088735,1.0547565221786499
bench_lasagne.py,lasagne,4x320LSTM,8539535,3.3675291538238525,4.0456259250640869,3.3952987432479858,0.093388961319494965,3.3840025663375854
